,站点地址,站点名称,站点编号,NODE_PARTY_ID,站点加盟日期,银行业务签约日期,签约银行,站点卡数,站点余额,卡均余额,村名,户数,总人口数,标签
34,河北省衡水市枣强县枣强镇范庄村,枣强县枣强镇范庄村,13110057.0,600000211,2013/11/4 0:00,2013/11/4 0:00,中国银行,2,250000.0,125000,枣强县枣强镇范庄村,260,1100,正式运营
42,河北省衡水市饶阳县大尹村镇大尹村,饶阳县大尹村镇大尹村,13110081.0,600000026,2013/11/6 16:36,2013/11/6 16:36,中国银行,2071,15470000.0,7469.821342,大尹村,1000,4000,正式运营
66,河北省沧州市盐山县圣佛镇西圣佛村,盐山县圣佛镇西圣佛村,13090002.0,600001056,2013/12/26 16:08,2013/12/26 16:08,中国银行,2224,9910000.0,4455.935252,西圣佛,300,1400,正式运营
81,河北省沧州市青县农场虚拟乡三分场虚拟村,青县国营农场第三分场,13090018.0,600007569,2014/1/2 13:51,2014/1/2 13:51,中国银行,2418,9460000.0,3912.324235,农场三分场,900,3000,正式运营
82,河北省沧州市青县清州镇罗家店村,青县清州镇罗家店村,13090019.0,600007570,2014/1/2 15:04,2014/1/2 15:04,中国银行,2597,8930000.0,3438.58298,罗家店,7500,3000,正式运营
83,河北省沧州市青县上伍乡欧辛庄村,青县欧辛庄村,13090022.0,600007573,2014/1/4 0:00,2014/1/4 0:00,中国银行,2680,6190000.0,2309.701493,欧辛庄,500,2000,正式运营
84,河北省沧州市青县上伍乡清和庄村,青县上伍乡清和庄村,13090023.0,600007574,2014/1/4 0:00,2014/1/4 0:00,中国银行,3522,2200000.0,624.645088,清河庄村,406,1658,正式运营
85,河北省沧州市青县金牛镇觉道庄村,青县金牛镇觉道庄村,13090024.0,600007575,2014/1/4 0:00,2014/1/4 0:00,中国银行,3886,1270000.0,326.814205,觉道庄村,400,2300,正式运营
86,河北省沧州市青县木门店镇崇仙村,青县崇仙,13090025.0,600007576,2014/1/4 0:28,2014/1/4 0:28,中国银行,3262,3490000.0,1069.895769,崇仙村,560,2890,正式运营
90,河北省沧州市青县清州镇耿官屯村,青县清州镇耿官屯村,13090029.0,600007578,2014/1/4 0:00,2014/1/4 0:00,中国银行,4966,33440000.0,6733.78977,耿官屯,500,3000,正式运营
118,河北省沧州市青县上伍乡小许庄村,青县上伍乡小许庄村,13090037.0,600007581,2014/1/10 0:00,2014/1/10 0:00,中国银行,2464,1340000.0,543.831169,小许庄村,2700,600,正式运营
119,河北省沧州市青县清州镇泉流庄村,青县清州镇泉流庄村,13090038.0,600007582,2014/1/10 21:55,2014/1/10 21:55,中国银行,2384,10450000.0,4383.389262,泉流庄村,450,1600,正式运营
138,河北省沧州市青县清州镇刘缺屯村,青县清州镇刘缺屯村,13090051.0,600006845,2014/1/24 0:00,2014/1/24 0:00,中国银行,3928,4240000.0,1079.429735,刘缺屯村,600,2700,正式运营
150,河北省沧州市青县马厂镇王维屯村,青县马厂镇王维屯村,13090065.0,600007593,2014/1/25 20:19,2014/1/25 20:19,中国银行,3408,1280000.0,375.586854,王维官屯村,800,3000,正式运营
152,河北省沧州市青县马厂镇刘世印屯村,青县马厂镇刘世印屯,13090068.0,600007594,2014/1/26 0:06,2014/1/26 0:06,中国银行,4749,8740000.0,1840.38745,刘世印屯村,700,3200,正式运营
198,河北省沧州市青县陈嘴乡张二庄村,青县陈咀乡张二庄村,13090079.0,600007596,2014/3/6 0:00,2014/3/6 0:00,中国银行,2534,5640000.0,2225.730071,张二庄村,500,2500,正式运营
238,河北省沧州市青县曹寺乡胡店子村,青县曹寺镇胡店子村,13090098.0,600007609,2014/3/25 0:00,2014/3/25 0:00,中国银行,4482,11620000.0,2592.592593,胡店子,500,2000,正式运营
239,河北省沧州市东光县龙王李乡龙王李村,东光县龙王李镇龙王李村,13090099.0,600001104,2014/3/25 0:50,2014/3/25 0:50,中国银行,2674,6390000.0,2389.678384,龙王李村,1000,4000,正式运营
242,河北省沧州市青县马厂镇旧张屯村,青县马厂镇旧张屯,13090102.0,600007611,2014/3/25 10:17,2014/3/25 10:17,中国银行,2863,1410000.0,492.490395,旧张屯,800,3000,正式运营
265,河北省沧州市青县清州镇八里庄村,青县清州镇八里庄村,13090108.0,600007615,2014/3/28 0:00,2014/3/28 0:00,中国银行,2247,2800000.0,1246.105919,八里庄,700,2800,正式运营
397,河北省承德市双滦区偏桥子镇偏桥子村,双滦区偏桥子镇偏桥子村,13080024.0,600006806,2014/6/30 17:53,2014/6/30 17:53,中国银行,2892,5840000.0,2019.363762,偏桥子村,660,1800,正式运营
404,河北省唐山市滦县王店子镇福山寺村,滦县响堂新村,13020012.0,600006878,2014/7/10 10:59,2014/7/10 10:59,中国银行,4449,27540000.0,6190.155091,研山新村,2000,7000,正式运营
414,河北省唐山市丰润区丰润镇高各庄村,丰润区丰润镇高各庄,13020016.0,600006881,2014/7/21 22:58,2014/7/21 22:58,中国银行,5236,26070000.0,4978.991597,高各庄,1500,5000,正式运营
415,河北省唐山市丰润区丰润镇押库山村,丰润区 丰润镇 压库山村,13020017.0,600006882,2014/7/21 23:01,2014/7/21 23:01,中国银行,2264,20190000.0,8917.844523,压库山村,550,2000,正式运营
419,河北省唐山市迁安市迁安镇三李庄村,迁安市迁安镇三李庄村,13020021.0,600001433,2014/7/23 10:03,2014/7/23 10:03,中国银行,2285,3530000.0,1544.857768,三李庄村,800,4000,正式运营
428,河北省唐山市丰润区丰润镇芦各庄村,丰润区丰润镇芦各庄,13020028.0,600006886,2014/7/27 23:00,2014/7/27 23:00,中国银行,4181,4250000.0,1016.503229,芦各庄,1500,5500,正式运营
429,河北省唐山市丰润区白官屯镇史庄子村,丰润区白官屯镇史庄子村,13020029.0,600006887,2014/7/27 23:04,2014/7/27 23:04,中国银行,5202,8980000.0,1726.259131,史庄子,310,1200,正式运营
438,河北省沧州市青县金牛镇大鹁鸽留村,青县金牛镇大勃鸽留村,13090148.0,600001303,2014/7/29 13:36,2014/7/29 13:36,中国银行,3861,9090000.0,2354.312354,大勃鸽留村,610,2387,正式运营
446,河北省唐山市迁安市蔡园镇北屯村,迁安市蔡园镇北屯村,13020032.0,600001435,2014/7/31 10:13,2014/7/31 10:13,中国银行,3831,2340000.0,610.806578,北屯,390,1700,正式运营
483,河北省唐山市滦南县胡各庄镇侯各庄村,滦南县胡各庄镇,13020044.0,600006851,2014/8/11 11:48,2014/8/11 11:48,中国银行,10456,7320000.0,700.076511,胡各庄村,10000,30000,正式运营
541,河北省邢台市南宫市紫冢镇后紫冢村,南宫市紫冢镇后紫冢村,13050010.0,600000123,2014/8/20 15:56,2014/8/20 15:56,中国银行,3216,18870000.0,5867.537313,后紫冢村,1200,5000,正式运营
552,河北省衡水市饶阳县饶阳镇罗屯村,饶阳县饶阳镇罗屯村,13110212.0,600000059,2014/8/25 13:32,2014/8/25 13:32,中国银行,2103,12040000.0,5725.154541,罗屯村,600,2900,正式运营
560,河北省唐山市滦南县宋道口镇司营村,滦南县宋道口镇司营村,13020054.0,600006853,2014/8/31 10:15,2014/8/31 10:15,中国银行,18953,31510000.0,1662.533636,司营村,400,1000,正式运营
562,贵州省贵阳市息烽县小寨坝镇亲戚寨村,亲戚寨村,52010006.0,600001322,2014/9/1 10:36,2014/9/1 10:36,贵阳银行,1,21.04,21.04,亲戚寨村,420,1800,正式运营
571,河北省沧州市青县流河镇东魏村,青县流河镇东魏村,13090157.0,600001305,2014/9/2 14:35,2014/9/2 14:35,中国银行,5144,1380000.0,268.273717,东魏村,450,2000,正式运营
572,河北省沧州市青县盘古乡大盘古村,青县盘古镇大盘古村,13090158.0,600001306,2014/9/2 0:00,2014/9/2 0:00,中国银行,7230,10560000.0,1460.580913,大盘古村,500,2300,正式运营
573,河北省沧州市青县木门店镇后吴召村,青县木门店镇后吴召,13090159.0,600001307,2014/9/2 16:04,2014/9/2 16:04,中国银行,4206,970000.0,230.62292,后吴召村,600,2500,正式运营
574,河北省沧州市青县曹寺乡厚召官村,青县曹寺镇厚召官,13090160.0,600001308,2014/9/2 16:09,2014/9/2 16:09,中国银行,2805,7520000.0,2680.926916,厚召官村,1300,300,正式运营
575,河北省沧州市青县木门店镇蔡村,青县木门店镇蔡村,13090163.0,600001310,2014/9/2 0:00,2014/9/2 0:00,中国银行,2125,1080000.0,508.235294,蔡村,200,1400,正式运营
576,河北省沧州市青县曹寺乡前洼村,青县曹寺镇前洼村,13090166.0,600001313,2014/9/2 0:00,2014/9/2 0:00,中国银行,3949,2880000.0,729.298557,前洼村,300,1000,正式运营
582,河北省唐山市迁安市闫家店乡于家坎村,迁安市闫家店乡于家坎村,13020058.0,600001444,2014/9/4 12:14,2014/9/4 12:14,中国银行,2193,390000.0,177.838577,于家坎村,703,2800,正式运营
600,河北省沧州市东光县大单镇木庄村,东光县大单镇穆庄村,13090168.0,600001726,2014/9/17 16:23,2014/9/17 16:23,中国银行,2998,4470000.0,1490.993996,穆庄,400,1670,正式运营
611,河北省唐山市滦南县马城镇马城村,滦南县马城镇马城村,13020064.0,600006854,2014/9/24 9:12,2014/9/24 9:12,中国银行,9795,1780000.0,181.72537,马城村,800,3200,正式运营
612,河北省唐山市滦南县柏各庄镇陈各庄村,滦南县柏各庄镇陈各庄村,13020065.0,600006855,2014/9/24 9:25,2014/9/24 9:25,中国银行,23937,10530000.0,439.90475,陈各庄,2500,10000,正式运营
625,河北省唐山市遵化市建明镇靠山庄村,遵化市建明圣地亚超市,13020072.0,600001449,2014/9/26 22:14,2014/9/26 22:14,中国银行,2961,18280000.0,6173.590003,靠山庄,3000,10000,正式运营
644,河北省沧州市青县流河镇广福楼村,青县流河镇广福楼村,13090175.0,600001764,2014/10/15 11:44,2014/10/15 11:44,中国银行,5097,3780000.0,741.612713,广福楼,500,1600,正式运营
699,河南省新乡市新乡县古固寨镇小古固寨村,新乡县古固寨镇富康社区程秀丽,41070003.0,600006400,2014/11/7 0:00,2015/1/1 11:48,中国银行,3095,9131211.77,2950.31075,古固寨,800,4000,正式运营
718,河南省商丘市睢阳区冯桥乡曹集村,商丘市睢阳区冯桥镇集曹集村助农点,41140013.0,600002630,2015/1/2 12:08,2015/1/2 12:08,中国银行,4897,23913657.13,4883.327982,冯桥镇曹集村,500,3000,正式运营
752,河南省商丘市夏邑县会亭镇东街村,夏邑县会亭镇东街村惠农支付服务点,41140045.0,600002657,2015/1/3 16:13,2015/1/3 16:13,中国银行,3,24115.68,8038.56,东街村,1000,5000,正式运营
780,河南省商丘市梁园区李庄乡邓斌口村,商丘市梁园区李庄乡邓斌口村幸福社区郝爱娟惠农支付服务点,41140060.0,600003354,2015/1/4 10:33,2015/1/4 10:33,中国银行,2842,1400802.67,492.893269,李庄乡邓斌口村,400,2000,正式运营
811,山东省烟台市海阳市二十里店镇西岚口村,烟台市海阳市里店镇西岚口村助农服务点,37060039.0,600004246,2015/1/4 11:24,2015/1/4 11:24,中国银行,0,230000.0,\N,西岚口村,400,1200,正式运营
821,山东省烟台市海阳市方圆街道秋林头村,烟台市海阳市方圆街道秋林头村助农服务点,37060045.0,600004252,2015/1/4 11:39,2015/1/4 11:39,中国银行,2,1904221.62,952110.81,秋林头村,700,2200,正式运营
822,河南省商丘市虞城县界沟镇界沟村,商丘分行虞城支行界沟镇界沟村惠农支付服务点,41140082.0,600007091,2015/1/4 11:41,2015/1/4 11:41,中国银行,2604,6051471.6,2323.913825,界沟村,1200,8000,正式运营
834,山东省济南市济阳县济阳镇高楼村,济阳县济阳街道办事处高楼村,37010014.0,600002863,2015/1/4 11:52,2015/1/4 11:52,中国银行,3490,15221798.19,4361.546759,高楼村,500,1500,正式运营
844,山东省济宁市微山县夏镇街道办事处部城社区居,济宁部城东村,37080005.0,600005217,2015/1/4 0:00,2015/1/4 0:00,中国银行,3,3066.18,1022.06,部城东村,500,2000,正式运营
855,河北省唐山市滦南县东黄坨镇郑庄子村,滦南县东黄坨镇,13020081.0,600006859,2015/1/4 12:21,2015/1/4 12:21,中国银行,2315,4620000.0,1995.680346,郑庄子村,300,900,正式运营
859,山东省济宁市汶上县义桥乡马庄西村,济宁市汶上县义桥镇马西村助农服务点,37080011.0,600005223,2015/1/4 0:00,2015/1/4 0:00,中国银行,5,124100.8,24820.16,马西村,850,3000,正式运营
864,山东省济宁市汶上县寅寺镇路楼村,济宁市汶上县次邱镇路楼村助农服务点,37080013.0,600005225,2015/1/4 0:00,2015/1/4 0:00,中国银行,0,1372658.69,\N,路楼村,400,1500,正式运营
876,河南省南阳市邓州市张村镇张北社区居,邓州市张村镇张村街袁苗助农金融,41130006.0,600002705,2015/1/4 13:20,2015/1/4 13:20,中国银行,2013,5540799.83,2752.508609,张北社区居,10000,50000,正式运营
886,山东省烟台市海阳市方圆街道儒家村,海阳市方圆街道办事处儒家助农服务点,37060063.0,600004268,2015/1/4 13:42,2015/1/4 13:42,中国银行,1,2711763.49,2711763.49,儒家村,300,780,正式运营
887,山东省烟台市海阳市方圆街道北石河村,海阳市方圆街道办事处北石河村助农服务点,37060064.0,600004269,2015/1/4 13:45,2015/1/4 13:45,中国银行,0,173617.0,\N,北石河村,230,600,正式运营
903,山东省淄博市博山区北博山镇邀兔村,淄博市博山区博山镇邀兔村,37030004.0,600004697,2015/1/4 14:01,2015/1/4 14:01,中国银行,0,15742569.95,\N,邀兔村,700,1800,正式运营
907,山东省济宁市汶上县次丘镇中店村,济宁市汶上县次邱镇中店村助农服务点,37080014.0,600005226,2015/1/4 0:00,2015/1/4 0:00,中国银行,0,1231865.56,\N,中店村,500,2000,正式运营
910,山东省济宁市汶上县次丘镇李太口村,济宁市汶上县次邱镇李太口村助农服务点,37080015.0,600005227,2015/1/4 0:00,2015/1/4 0:00,中国银行,0,2355620.0,\N,李太口,350,1300,正式运营
950,山东省青岛市即墨市蓝村镇二里村,山东省即墨市蓝村镇二里村助农服务点,37020009.0,600004053,2015/1/4 14:43,2015/1/4 14:43,中国银行,0,645600.0,\N,二里村,900,3000,正式运营
959,山东省济宁市任城区安居镇满营村,济宁市任城区安居镇满营村助农服务点,37080024.0,600005236,2015/1/4 0:00,2015/1/4 0:00,中国银行,1,1548.96,1548.96,满营村,400,1600,正式运营
962,山东省青岛市莱西市龙水街道办事处左家泊村,青岛市莱西市水集街道办事处左家泊村助农服务点,37020011.0,600004036,2015/2/5 0:00,2015/1/4 14:50,中国银行,0,3523333.1,\N,左家泊村,350,1000,正式运营
967,山东省青岛市即墨市灵山镇东三泉庄村,青岛市即墨市灵山镇东三泉庄村助农服务点,37020012.0,600004054,2014/12/21 0:00,2015/1/4 14:54,中国银行,0,245500.0,\N,东三泉庄村,300,1000,正式运营
969,山东省聊城市冠县北馆陶镇东关村,冠县清泉街道办事处东关村惠农金融服务站,37150045.0,600004981,2015/1/4 14:56,2015/1/4 14:56,中国银行,3,1282279.1,427426.3667,东关村,498,2000,正式运营
987,山东省济宁市鱼台县王鲁镇史楼村,济宁市鱼台县滨湖街道史楼助农服务点,37080029.0,600005241,2015/1/4 0:00,2015/1/4 0:00,中国银行,0,0.0,\N,史楼村,456,1700,正式运营
1005,山东省青岛市即墨市环秀街道小韩村,青岛市即墨市小韩村助农服务点,37020022.0,600004059,2014/12/24 0:00,2015/1/4 15:14,中国银行,0,495800.0,\N,小韩村,677,4000,正式运营
1022,山东省青岛市平度市仁兆镇大城西村,青岛市平度市仁兆镇大成西村助农服务点,37020025.0,600004042,2015/1/4 15:25,2015/1/4 15:25,中国银行,0,5609.61,\N,大城西村,650,2000,正式运营
1024,山东省青岛市即墨市北安街道营西村,青岛市即墨北安办事处营西村助农服务点,37020026.0,600004060,2015/1/4 15:26,2015/1/4 15:26,中国银行,0,2675800.0,\N,营西村,500,2000,正式运营
1038,山东省济宁市曲阜市时庄镇古柳村,山东省曲阜市鲁城街道古城助农服务点,37080035.0,600005247,2015/1/4 0:00,2015/1/4 0:00,中国银行,2,10000.0,5000,古城村,2000,6000,正式运营
1043,山东省济宁市曲阜市王庄乡刘庄村,济宁市曲阜市王庄乡刘庄村助农服务点,37080036.0,600005248,2015/1/4 0:00,2015/1/4 0:00,中国银行,4,2140008.42,535002.105,刘庄村,300,1380,正式运营
1051,山东省青岛市平度市兰底镇刘家西埠村,青岛市平度市南村镇刘家西埠村助农服务点,37020034.0,600004126,2015/1/4 15:42,2015/1/4 15:42,中国银行,0,667566.4,\N,刘家西埠村,300,1100,正式运营
1056,河南省商丘市虞城县杜集镇北街村,虞城杜集乡惠农支付服务点,41140191.0,600007195,2014/12/7 0:00,2015/1/4 15:44,中国银行,2260,4288103.92,1897.391115,北街村,11000,55000,正式运营
1058,山东省济宁市曲阜市董庄乡管村,济宁市曲阜市石门山镇管村助农服务点,37080039.0,600005251,2015/1/4 0:00,2015/1/4 0:00,中国银行,2,1489036.03,744518.015,管村,600,2000,正式运营
1065,山东省济宁市邹城市北宿镇前丁村,济宁市邹城市北宿镇丁村助农服务点,37080041.0,600005253,2015/1/4 0:00,2015/1/4 0:00,中国银行,0,91625.0,\N,前丁村,1100,5000,正式运营
1069,山东省青岛市平度市云山镇丈岭村,青岛市平度市云山镇丈岭村助农服务点,37020038.0,600004127,2015/1/4 15:52,2015/1/4 15:52,中国银行,0,1625474.26,\N,丈岭村,500,1700,正式运营
1070,山东省济宁市邹城市郭里镇郭南村,济宁市邹城市郭里镇生资门市部助农点,37080042.0,600005254,2015/1/4 0:00,2015/1/4 0:00,中国银行,0,1388256.24,\N,郭南村,800,3000,正式运营
1072,山东省济宁市邹城市张庄镇西柳峪村,济宁市邹城市看庄镇西柳村助农服务点,37080043.0,600005255,2015/1/4 0:00,2015/1/4 0:00,中国银行,0,443771.84,\N,西柳村,521,2890,正式运营
1075,山东省青岛市平度市云山镇后营村,青岛平度市云山镇后营村助农服务点,37020039.0,600004128,2015/1/4 15:56,2015/1/4 15:56,中国银行,0,2214893.96,\N,后营村,370,1200,正式运营
1080,山东省青岛市即墨市田横镇东陆戈庄村,青岛市即墨田横镇东陆戈庄村助农服务点,37020041.0,600004068,2015/1/4 15:59,2015/1/4 15:59,中国银行,0,2616600.0,\N,东陆戈庄村,800,2500,正式运营
1084,山东省青岛市即墨市田横镇宅科村,青岛市即墨田横镇宅科村助农服务点,37020043.0,600004069,2015/1/4 16:04,2015/1/4 16:04,中国银行,0,1484400.0,\N,宅科村,300,1000,正式运营
1094,山东省淄博市临淄区皇城镇五路口村,淄博市临淄区皇城镇五路口村,37030077.0,600004770,2015/1/4 16:12,2015/1/4 16:12,中国银行,0,0.0,\N,五路口村,600,2000,正式运营
1098,河南省商丘市睢县董店乡赵堂村,睢县涧岗乡涧岗集惠农支付服务点,41140215.0,600007218,2014/12/31 0:00,2015/1/4 16:16,中国银行,2688,4948425.71,1840.932184,陶堂村,500,2000,正式运营
1103,山东省济南市长清区文昌街街道办事处十里铺村,济南市长清区文昌街道办事处十里村助农服务点,37010068.0,600002917,2015/1/4 16:19,2015/1/4 16:19,中国银行,1,20026.61,20026.61,十里村,500,1999,正式运营
1105,山东省青岛市平度市马戈庄镇阎村,青岛市平度市明村闫村助农服务点,37020048.0,600004132,2015/1/4 16:21,2015/1/4 16:21,中国银行,0,4979798.13,\N,阎村,400,1200,正式运营
1114,山东省青岛市即墨市移风店镇马军寨村,青岛市即墨移风镇政府街服务点,37020053.0,600004073,2014/11/17 0:00,2015/1/4 16:29,中国银行,0,1454700.0,\N,马军寨村,230,760,正式运营
1115,山东省青岛市平度市长乐镇河崖王家村,青岛平度市大泽山镇河崖王家社区助农服务点,37020054.0,600004135,2015/1/4 16:31,2015/1/4 16:31,中国银行,0,1387669.04,\N,河崖王家村,300,799,正式运营
1120,山东省青岛市即墨市王村镇大桥村,青岛市即墨王村镇大桥村助农服务点,37020059.0,600004076,2015/1/4 16:38,2015/1/4 16:38,中国银行,0,7721800.0,\N,大桥村,850,2500,正式运营
1137,山东省青岛市胶州市胶西镇东祝村,青岛市胶州市胶西办事处东祝村助农服务点,37020067.0,600004140,2014/12/27 0:00,2015/1/4 16:57,中国银行,0,574070.95,\N,东祝村,2000,6000,正式运营
1168,山东省青岛市胶州市营海镇营房村,青岛胶州市九龙办事处营房村助农服务点,37020082.0,600004147,2015/1/4 17:42,2015/1/4 17:42,中国银行,0,214222.52,\N,营房村,1500,5000,正式运营
1182,山东省青岛市即墨市鳌山卫镇南选村,青岛即墨鳌山镇南选街村服务点,37020089.0,600004088,2015/1/4 17:56,2015/1/4 17:56,中国银行,0,3484400.0,\N,南选村,2000,6000,正式运营
1183,山东省威海市乳山市下初镇西庄村,威海市乳山县下初镇西庄村助农服务点,37100004.0,600002485,2015/1/4 17:57,2015/1/4 17:57,中国银行,6,9292036.8,1548672.8,西庄,460,1270,正式运营
1199,山东省青岛市即墨市大信镇大金家村,青岛即墨大信镇大金家村服务点,37020099.0,600004092,2015/1/4 18:19,2015/1/4 18:19,中国银行,0,3060300.0,\N,大金家,1200,8000,正式运营
1201,山东省青岛市即墨市大信镇大信村,青岛即墨大信镇大信村服务点,37020101.0,600004093,2015/1/4 18:22,2015/1/4 18:22,中国银行,0,4477800.0,\N,大信村,900,3000,正式运营
1204,山东省青岛市即墨市温泉镇社生前集村,青岛市即墨温泉镇社生集村助农服务点,37020103.0,600004094,2014/12/10 0:00,2015/1/4 18:25,中国银行,0,5517400.0,\N,社生前集村,600,2800,正式运营
1213,山东省青岛市胶州市李哥庄镇魏家屯村,青岛市胶州市李哥庄镇魏家屯村助农服务点,37020111.0,600004164,2015/1/4 18:38,2015/1/4 18:38,中国银行,0,72635.62,\N,魏家屯,1000,3000,正式运营
1214,山东省青岛市即墨市田横镇拖车口村,青岛市即墨田横镇拖车口村助农服务点,37020112.0,600004099,2015/1/4 18:38,2015/1/4 18:38,中国银行,0,8985200.0,\N,拖车口村,300,970,正式运营
1217,山东省青岛市即墨市丰城镇北雄崖所村,青岛市即墨市丰城镇南雄崖所村助农服务点,37020114.0,600004100,2015/1/4 18:41,2015/1/4 18:41,中国银行,0,1636100.0,\N,雄崖所村,1100,3000,正式运营
1219,山东省德州市平原县王凤楼镇崔庄村,德州市平原县前曹镇崔魏寨村助农点,37140128.0,600001715,2015/1/4 18:49,2015/1/4 18:49,中国银行,0,4729297.83,\N,崔寨村,250,1000,正式运营
1221,山东省青岛市胶州市胶东镇南庄一村,青岛胶州市胶东办事处南庄助农服务点,37020125.0,600004172,2014/12/23 0:00,2015/1/4 19:44,中国银行,0,2237027.27,\N,南庄一村,900,1800,正式运营
1228,山东省青岛市即墨市移风店镇东马龙疃村,山东省即墨市移风店镇东马龙疃村,37020132.0,600004105,2015/1/4 19:58,2015/1/4 19:58,中国银行,0,3177100.0,\N,东马龙疃村,350,1200,正式运营
1229,山东省青岛市胶州市胶莱镇小高于家村,青岛胶州市胶莱镇小高于家村助农服务点,37020133.0,600004177,2015/1/4 19:58,2015/1/4 19:58,中国银行,0,916352.89,\N,小高于家村,1300,5000,正式运营
1237,山东省青岛市即墨市田横镇周戈庄村,青岛市即墨田横镇周戈庄村助农服务点,37020142.0,600004108,2015/1/4 20:13,2015/1/4 20:13,中国银行,0,2485600.0,\N,田横镇周戈庄村,900,2700,正式运营
1240,山东省青岛市即墨市潮海街道江家西流村,青岛市即墨经济开发区江家西流村助农服务点,37020148.0,600004111,2015/1/4 20:22,2015/1/4 20:22,中国银行,0,3804000.0,\N,江家西流村,600,2300,正式运营
1242,山东省青岛市即墨市通济街道办事处西元庄村,青岛即墨通济办事处镇西元庄村服务点,37020150.0,600004112,2015/1/4 20:27,2015/1/4 20:27,中国银行,0,3315600.0,\N,西元庄村,9000,30000,正式运营
1332,山东省烟台市招远市齐山镇大尹格庄村,烟台市招远市齐山镇大尹格庄村助农服务点,37060195.0,600004382,2015/1/5 10:34,2015/1/5 10:34,中国银行,0,6485642.46,\N,大尹格庄,500,1500,正式运营
1375,山东省青岛市莱西市店埠镇店埠村,青岛市莱西市店埠镇店埠村助农服务点,37020152.0,600004113,2015/1/5 11:22,2015/1/5 11:22,中国银行,0,33468.0,\N,店埠村,980,2800,正式运营
1409,山东省烟台市福山区回里镇东道平村,烟台市福山区回里镇东道平村助农服务点,37060223.0,600004407,2015/1/5 13:34,2015/1/5 13:34,中国银行,5,3876339.44,775267.888,东道平村,1000,3000,正式运营
1464,河南省商丘市虞城县芒种桥乡小杨村,商丘分行虞城支行刘店乡小侯惠农支付服务点,41140480.0,600007465,2014/12/10 0:00,2015/1/5 14:45,中国银行,3103,3369004.57,1085.724966,小侯村,500,2000,正式运营
1465,河南省平顶山市鲁山县辛集乡辛集村,平顶山市鲁山县辛集乡李红彬助农金融,41040003.0,600003265,2015/1/5 14:51,2015/1/5 14:51,中国银行,2329,3190550.89,1369.923096,辛集村,760,4000,正式运营
1505,河南省商丘市梁园区平台镇,蓝天支行和合社区惠农服务取款点,41140528.0,600007512,2015/1/5 16:15,2015/1/5 16:15,中国银行,2397,3489370.66,1455.724097,和合社区,4000,20000,正式运营
1512,山东省烟台市蓬莱市北沟镇下朱潘村,烟台市蓬莱市蓬莱市北沟镇下朱潘村银行卡助农取款服务点,37060231.0,600004415,2015/1/5 16:22,2015/1/5 16:22,中国银行,0,3222085.91,\N,下朱潘村,300,900,正式运营
1562,山东省烟台市栖霞市蛇窝泊镇砖园村,烟台市栖霞市栖霞镇后夼村助农服务点,37060251.0,600004435,2015/1/5 17:16,2015/1/5 17:16,中国银行,10,2294569.44,229456.944,庄园后夼村,500,1000,正式运营
1565,山东省烟台市栖霞市官道镇官道村,烟台市栖霞市官道镇官道村助农服务点,37060254.0,600004438,2015/1/5 17:22,2015/1/5 17:22,中国银行,7,357519.5,51074.21429,官道村,200,500,正式运营
1574,山东省威海市文登市张家产镇张家产村,"威海市文登县张家产镇汤村助农服务点
",37100014.0,600002493,2015/1/5 17:38,2015/1/5 17:38,中国银行,1,518.25,518.25,张家产村,300,900,正式运营
1635,山东省威海市文登市泽库镇泽库村,"威海市文登县泽库镇后岛村助农服务点
",37100089.0,600002565,2015/1/5 21:28,2015/1/5 21:28,中国银行,0,1803581.39,\N,泽库村,600,2000,正式运营
1699,山东省济宁市嘉祥县大张楼镇联合村,济宁市嘉祥县大张楼镇联合村助农服务点,37080056.0,600005267,2015/1/6 0:00,2015/1/6 0:00,中国银行,3,32230.72,10743.57333,联合村,600,2500,正式运营
1710,山东省济宁市金乡县马庙镇杨庄村,济宁市金乡县鱼山镇杨庄村助农服务点,37080060.0,600005271,2015/1/6 0:00,2015/1/6 0:00,中国银行,1,1.61,1.61,杨庄村,555,2400,正式运营
1714,山东省济宁市金乡县马庙镇义合村,济宁市金乡县马庙镇义合村助农服务点,37080062.0,600005273,2015/1/6 0:00,2015/1/6 0:00,中国银行,1,195.09,195.09,义合村,400,1800,正式运营
1715,山东省济宁市金乡县马庙镇马庙村,济宁市金乡县马庙镇马庙村助农服务点,37080063.0,600005274,2015/1/6 0:00,2015/1/6 0:00,中国银行,1,195.09,195.09,马庙村,480,2200,正式运营
1723,山东省济宁市汶上县寅寺镇寅寺东村,济宁市汶上县寅寺镇助农服务点,37080066.0,600005277,2015/1/6 0:00,2015/1/6 0:00,中国银行,2,163665.69,81832.845,寅寺村,500,2000,正式运营
1728,山东省济宁市汶上县杨店乡杨店村,济宁市汶上县杨店镇助农服务点,37080068.0,600005279,2015/1/6 0:00,2015/1/6 0:00,中国银行,1,159012.64,159012.64,杨店村,500,2000,正式运营
1734,河北省石家庄市平山县平山镇南贾壁村,平山县平山镇南贾壁村,13010234.0,600000668,2015/1/6 11:14,2015/1/6 11:14,中国银行,2600,14700000.0,5653.846154,南贾壁村,200,1500,正式运营
1762,山东省烟台市莱山区解甲庄镇南寨村,烟台市莱山区南陈家疃村助农服务站,37060266.0,600004450,2015/1/6 12:39,2015/1/6 12:39,中国银行,3,94349.65,31449.88333,南陈村,260,620,正式运营
1784,河南省南阳市新野县溧河铺镇溧河村,新野县溧河铺镇溧河街齐奥助农金融,41130017.0,600002714,2015/1/6 13:51,2015/1/6 13:51,中国银行,2100,16301073.63,7762.416014,溧河铺镇溧河村,9000,40000,正式运营
1856,河北省唐山市丰润区七树庄镇大令公村,丰润区七树庄镇大令公村,13020092.0,600006903,2015/1/6 22:02,2015/1/6 22:02,中国银行,3957,1430000.0,361.384888,大令工村,1500,5000,正式运营
1861,山东省青岛市莱西市武备镇岘沽村,青岛市莱西市日庄镇岘沽村助农服务点,37020160.0,600004191,2015/1/6 22:27,2015/1/6 22:27,中国银行,0,520183.95,\N,岘沽村,1200,3700,正式运营
1862,山东省青岛市莱西市南墅镇河南村,莱西市南墅镇助农服务点,37020161.0,600004192,2015/1/6 22:29,2015/1/6 22:29,中国银行,0,3671899.1,\N,河南村,590,1900,正式运营
1863,山东省青岛市莱西市梅花山街道办事处前车兰泊村,青岛市莱西市水集街道办事处前车兰泊村助农服务点,37020162.0,600004193,2015/1/6 22:30,2015/1/6 22:30,中国银行,0,46310.31,\N,前车兰泊村,680,2200,正式运营
1866,河北省唐山市丰润区沙流河镇沙流河村,唐山市丰润区沙流河镇沙流河村,13020098.0,600006906,2015/1/6 22:50,2015/1/6 22:50,中国银行,2280,26840000.0,11771.92982,沙流河村,2000,5000,正式运营
1869,河北省唐山市丰润区丰润镇西马庄村,丰润区丰润镇西马庄村,13020101.0,600006908,2015/1/6 23:02,2015/1/6 23:02,中国银行,2025,1580000.0,780.246914,西马庄村,1000,3000,正式运营
1882,河北省唐山市乐亭县王滩镇东高村,海港开发区王滩镇东高村,13020109.0,600001453,2015/1/7 10:00,2015/1/7 10:00,中国银行,20112,2860000.0,142.20366,东高村,300,700,正式运营
1894,河北省唐山市丰润区白官屯镇燕子河村,丰润区白官屯镇燕子河村,13020117.0,600006911,2015/1/7 10:56,2015/1/7 10:56,中国银行,2572,290000.0,112.752722,燕子河,700,2980,正式运营
1928,河北省唐山市滦南县方各庄镇曹营村,滦南县方各庄镇曹营村,13020130.0,600006864,2015/1/7 14:44,2015/1/7 14:44,中国银行,2329,1500000.0,644.053242,曹营村,270,900,正式运营
1930,河北省唐山市丰润区新军屯镇河浃溜村,丰润区新军屯镇河浃溜村,13020134.0,600006913,2015/1/7 15:26,2015/1/7 15:26,中国银行,2210,2620000.0,1185.520362,河浃溜村,700,2800,正式运营
1953,河北省唐山市迁安市闫家店乡李姑店村,迁安市闫家店乡李姑店村,13020147.0,600001465,2015/1/7 17:13,2015/1/7 17:13,中国银行,2040,1410000.0,691.176471,李姑店村,800,3000,正式运营
1969,河北省唐山市迁安市上射雁庄乡平林镇村,迁安市上庄乡平林镇村,13020156.0,600001474,2015/1/7 21:45,2015/1/7 21:45,中国银行,2117,440000.0,207.841285,平林镇,900,3000,正式运营
1974,河北省唐山市迁安市木厂口镇宗佐村,迁安市木厂口镇宗佐村铭泽药房,13020160.0,600001478,2015/1/7 22:00,2015/1/7 22:00,中国银行,2047,560000.0,273.57108,宗佐村,500,1500,正式运营
1978,河北省唐山市迁安市迁安镇吉兰庄村,迁安市迁安镇吉兰庄村,13020166.0,600001483,2015/1/7 23:12,2015/1/7 23:12,中国银行,2128,410000.0,192.669173,吉兰庄村,700,2200,正式运营
1987,河南省安阳市安阳县水冶镇西古庄村,安阳县水冶镇西古庄村董文纲,41050020.0,600007658,2015/1/8 9:51,2015/1/8 9:51,中国银行,2199,3213985.54,1461.566867,安阳县水冶镇西古庄村,500,2000,正式运营
2007,河北省唐山市迁安市沙河驿镇沙河驿村,迁安市沙河驿镇沙河驿村,13020171.0,600001484,2015/1/8 11:42,2015/1/8 11:42,中国银行,2140,3110000.0,1453.271028,沙河驿村,1200,5000,正式运营
2027,河北省唐山市迁安市夏官营镇花庄村,迁安市夏官营镇花庄村,13020180.0,600001490,2015/1/8 14:30,2015/1/8 14:30,中国银行,2422,1300000.0,536.746491,花庄村,800,2700,正式运营
2031,河北省唐山市迁安市杨店子镇张官营村,迁安市杨店子镇张官营村,13020183.0,600001491,2015/1/8 14:36,2015/1/8 14:36,中国银行,3612,650000.0,179.955703,张官营村,1280,5000,正式运营
2039,河北省唐山市迁安市扣庄乡郎庄村,迁安市扣庄乡凌俊商店,13020189.0,600001493,2015/1/8 15:24,2015/1/8 15:24,中国银行,2176,1150000.0,528.492647,郎庄村,1100,4000,正式运营
2046,河北省唐山市迁安市杨各庄镇包各庄村,迁安市杨各庄镇包各庄村,13020193.0,600001497,2015/1/8 15:55,2015/1/8 15:55,中国银行,3614,4160000.0,1151.079137,包各庄村,1500,4500,正式运营
2051,河南省安阳市滑县城关镇董东村,滑县产业集聚区董东村银行卡助农取款服务店,41050036.0,600007670,2015/1/8 16:13,2015/1/8 16:13,中国银行,2937,12052827.58,4103.788757,滑县新区董东村,500,2000,正式运营
2054,河北省唐山市丰润区丰润镇大安乐庄村,丰润区丰润镇大安乐庄村,13020199.0,600006922,2015/1/8 0:00,2015/1/8 0:00,中国银行,2735,1190000.0,435.100548,大安乐庄,600,3000,正式运营
2060,河北省唐山市迁安市彭店子乡彭店子村,迁安市彭店子乡彭店子村,13020202.0,600001503,2015/1/8 17:10,2015/1/8 17:10,中国银行,2730,1220000.0,446.886447,彭店子村,350,1200,正式运营
2121,河南省安阳市安阳县北郭乡北郭店村,安阳县北郭乡雷燕军银行卡助农取款服务点,41050041.0,600007675,2015/1/11 10:58,2015/1/11 10:58,中国银行,2058,2662104.17,1293.539441,北郭村,600,3000,正式运营
2156,河南省新乡市长垣县孟岗乡苇元村,苇园村,41070023.0,600006420,2015/1/12 9:50,2015/1/12 9:50,中国银行,3533,15408362.02,4361.268616,苇园村,750,3000,正式运营
2206,山东省烟台市莱阳市谭格庄镇邢格庄村,邢格庄村,37060271.0,600004454,2015/1/13 8:04,2015/1/13 8:04,中国银行,0,5370023.51,\N,邢格庄村,500,1500,正式运营
2252,甘肃省兰州市红古区红古乡水车湾村,红古乡水车湾服务点,62010012.0,600005666,2015/1/13 14:44,2015/1/13 14:44,中国银行,4,20528.71,5132.1775,水车湾,500,2000,正式运营
2323,山东省烟台市莱阳市冯格庄街道蜡树庄村,莱阳市冯格庄街道办事处蜡树庄村助农服务点,37060289.0,600004471,2015/1/13 19:21,2015/1/13 19:21,中国银行,0,991373.79,\N,蜡树庄村,430,1315,正式运营
2325,山东省烟台市莱阳市冯格庄街道肖家疃村,莱阳市冯格庄街道办事处肖家疃村助农服务点,37060291.0,600004473,2015/1/13 19:27,2015/1/13 19:27,中国银行,1,672440.44,672440.44,肖家疃村,223,740,正式运营
2416,河北省唐山市滦南县长凝镇长凝村,滦南县长凝镇,13020214.0,600006866,2015/1/13 22:51,2015/1/13 22:51,中国银行,3854,810000.0,210.171251,长凝村,600,2000,正式运营
2461,河北省唐山市遵化市马兰峪镇马兰峪四村,遵化市马兰峪镇马兰峪三村,13020283.0,600001526,2015/1/14 9:51,2015/1/14 9:51,中国银行,5554,4710000.0,848.03745,马兰峪四村,450,1800,正式运营
2481,河北省唐山市乐亭县马头营镇新庄子村,乐亭县马头营镇达新庄子村,13020289.0,600005842,2015/1/14 11:07,2015/1/14 11:07,中国银行,2661,100000.0,37.579857,南新庄子村,300,600,正式运营
2484,河北省唐山市丰润区七树庄镇七树庄村,丰润区七树庄镇七树庄村,13020291.0,600006952,2015/1/14 11:09,2015/1/14 11:09,中国银行,7707,6370000.0,826.521344,七树庄村,1000,4000,正式运营
2497,河北省沧州市沧县高川乡南北村,沧县高川乡南北村,13090236.0,600001793,2015/1/14 11:52,2015/1/14 11:52,中国银行,2,6.0,3,南北村,400,2000,正式运营
2505,河北省沧州市青县清州镇胡白庄村,青县清州镇胡白庄,13090240.0,600001931,2015/1/14 12:19,2015/1/14 12:19,中国银行,3087,8690000.0,2815.030774,胡白庄,500,1500,正式运营
2506,河北省沧州市青县曹寺乡后洼村,青县曹寺镇后屯村,13090241.0,600001932,2015/1/14 0:00,2015/1/14 0:00,中国银行,3772,1640000.0,434.782609,青县曹寺镇后屯村,400,2000,正式运营
2511,河北省沧州市青县马厂镇杨官店一村,青县马厂镇杨官店三村,13090244.0,600001934,2015/1/14 12:28,2015/1/14 12:28,中国银行,4657,5120000.0,1099.420228,杨官店,400,2000,正式运营
2515,河北省沧州市青县木门店镇后董景村,青县木门店镇后董景,13090247.0,600001936,2015/1/14 12:35,2015/1/14 12:35,中国银行,3931,360000.0,91.579751,后董景,400,2000,正式运营
2549,河北省唐山市乐亭县古河乡古河村,乐亭县古河乡古河村,13020329.0,600005847,2015/1/14 14:42,2015/1/14 14:42,中国银行,0,6500000.0,\N,古河村,570,3000,正式运营
2631,甘肃省武威市凉州区松树乡松树村,凉州区松树乡松树村,62060012.0,600005692,2015/1/14 17:08,2015/1/14 17:08,中国银行,9,1.11,0.123333,松树村,400,2000,正式运营
2636,山东省德州市临邑县临邑镇东邢村,山东省临邑县宿安乡小孟家村,37140130.0,600001717,2015/1/14 17:12,2015/1/14 17:12,中国银行,3,215466.14,71822.04667,东孟村,230,800,正式运营
2659,河北省沧州市东光县大单镇辛店村,东光县大单镇辛店村,13090320.0,600001826,2015/1/14 17:45,2015/1/14 17:45,中国银行,2030,2330000.0,1147.783251,东光县大单镇辛店村,400,2000,正式运营
2688,河北省沧州市青县木门店镇后仔仪村,青县木门店镇后仔仪,13090348.0,600001844,2015/1/14 18:47,2015/1/14 18:47,中国银行,2191,29490000.0,13459.60749,后仔仪,400,2000,正式运营
2710,河北省唐山市丰润区任各庄镇小麻各庄村,丰润区任各庄镇小麻各庄村,13020351.0,600006973,2015/1/14 19:55,2015/1/14 19:55,中国银行,2790,4170000.0,1494.623656,小麻各庄村,500,1500,正式运营
2719,河北省唐山市迁西县兴城镇西河南寨村,迁西县兴城镇西河南寨村,13020356.0,600005849,2015/1/14 20:12,2015/1/14 20:12,中国银行,2439,1600000.0,656.00656,西河南寨村,730,2300,正式运营
2747,安徽省宿州市墉桥区宿州经济技术开发区李桥村,宿州桥区金海办事处李桥村助农服务点,34130001.0,600005777,2015/1/14 0:00,2015/1/14 0:00,中国银行,4670,75726032.83,16215.42459,李桥村,800,3000,正式运营
2858,安徽省滁州市天长市关塘集乡关塘村,关塘站,34110057.0,600000290,2015/1/15 0:12,2015/1/15 0:12,建设银行,1,396.71,396.71,关塘村,899,1700,正式运营
2910,甘肃省酒泉市肃州区总寨镇西店村,西店村,62090005.0,600002268,2015/1/15 9:57,2015/1/15 9:57,中国银行,2198,1231080.67,560.091297,西店村,123,2565,正式运营
2944,山东省济宁市邹城市钢山街道办事处铁山社区,钢山花园社区,37080077.0,600005288,2015/1/15 0:00,2015/1/15 0:00,中国银行,0,339907.91,\N,钢山花园社区,5000,20000,正式运营
2956,山东省济宁市任城区唐口镇唐口村,济宁市任城区唐口镇唐口村助农服务点,37080080.0,600005291,2015/1/15 0:00,2015/1/15 0:00,中国银行,1,14.35,14.35,唐口村,3000,12000,正式运营
3007,河北省廊坊市三河市北城街道办事处高各庄村,三河市三河县高各庄,13100118.0,600006582,2015/1/15 13:10,2015/1/15 13:10,中国银行,3471,12240000.0,3526.361279,高各庄,460,1700,正式运营
3024,河北省廊坊市永清县韩村镇韩村,"永清县韩村镇范庄村
",13100135.0,600005992,2015/1/15 14:25,2015/1/15 14:25,中国银行,7,510000.0,72857.14286,韩村,430,1600,正式运营
3120,贵州省贵阳市开阳县花梨乡花梨,利群烟社,52010019.0,600001334,2015/1/15 19:27,2015/1/15 19:27,贵阳银行,1,0.0,0,花梨镇,6800,28663,正式运营
3129,贵州省安顺市普定县马官镇马官村,安顺马官镇,52040003.0,600001338,2015/1/15 0:00,2015/1/15 0:00,贵阳银行,7,143363.22,20480.46,马官镇,13700,51705,正式运营
3130,贵州省铜仁地区铜仁市滑石侗族苗族土家族乡豹子营村,铜仁豹子云村,52060001.0,600001339,2015/1/15 0:00,2015/1/15 0:00,贵阳银行,2310,3890000.0,1683.982684,豹子云村,439,1827,正式运营
3160,河北省廊坊市广阳区解放道街道周各庄社区,安次区龙河工业园区中孟各庄村,13100200.0,600006349,2015/1/15 0:00,2015/1/15 0:00,中国银行,44060,48220000.0,1094.416704,中孟各庄,500,2000,正式运营
3254,河南省商丘市永城市条河乡条河村,永城市条河乡条河街邸侠助农金融,41140616.0,600003333,2015/1/29 0:00,2015/1/17 14:59,中国银行,2681,4581324.1,1708.811675,条河村,800,3500,正式运营
3256,河北省秦皇岛市昌黎县朱各庄镇指挥村,昌黎县朱各庄镇指挥村,13030077.0,600002393,2015/1/17 15:59,2015/1/17 15:59,中国银行,9759,498060000.0,51035.9668,昌黎县朱各庄镇指挥村,500,10000,正式运营
3266,河南省南阳市邓州市构林镇赵岗村,邓州市构林镇李营街李付珍助农金融,41130125.0,600002822,2015/1/17 17:27,2015/1/17 17:27,中国银行,2746,1734246.6,631.553751,赵岗村,10000,40000,正式运营
3289,山东省烟台市福山区门楼镇南涂山村,烟台市福山区门楼镇南涂山村助农服务点,37060328.0,600004508,2015/1/19 18:24,2015/1/19 18:24,中国银行,0,3995612.2,\N,南涂山村,800,2200,正式运营
3290,山东省烟台市福山区清洋街道西山社区,西山社区,37060329.0,600004509,2015/1/19 18:27,2015/1/19 18:27,中国银行,2,25962624.85,12981312.43,西山社区,500,1500,正式运营
3309,河南省周口市商水县张庄乡张庄村,周口市商水县张庄潘新影助农金融,41160134.0,600006272,2015/1/21 22:25,2015/1/21 22:25,中国银行,5602,23342421.2,4166.801357,张庄,800,4000,正式运营
3336,河北省沧州市青县金牛镇罗庄子村,青县金牛镇罗庄子,13090359.0,600001944,2015/1/26 10:08,2015/1/26 10:08,中国银行,3423,3010000.0,879.345603,罗庄子,600,3000,正式运营
3367,山东省青岛市平度市古岘镇西六曲村,青岛市平度市古岘镇西六曲村助农服务点,37020170.0,600004118,2015/1/28 11:40,2015/1/28 11:40,中国银行,0,975513.57,\N,西六曲村,458,1720,正式运营
3380,山东省烟台市栖霞市蛇窝泊镇院头窑村,烟台市栖霞市蛇窝泊镇院头村助农服务点,37060338.0,600004518,2015/1/30 8:31,2015/1/30 8:31,中国银行,7,4091613.46,584516.2086,院头窑村,500,1500,正式运营
3381,山东省烟台市栖霞市寺口镇张家沟村,栖霞市庄园街道北张家沟村助农服务点,37060339.0,600004519,2015/1/30 8:36,2015/1/30 8:36,中国银行,9,1217737.79,135304.1989,张家沟村,200,600,正式运营
3382,山东省烟台市栖霞市臧家庄镇泉水东店村,烟台市栖霞市臧家庄镇泉水东店村助农服务点,37060340.0,600004520,2015/1/30 8:39,2015/1/30 8:39,中国银行,5,9462106.1,1892421.22,泉水东店村,260,800,正式运营
3402,山东省临沂市费县费城镇汶山村,临沂市费县费城街道汶山村助农服务点,37130040.0,600005166,2015/2/2 11:18,2015/2/2 11:18,中国银行,0,936707.8,\N,汶山村,350,2000,正式运营
3403,山东省临沂市费县上冶镇宁国庄村,临沂市费县费城镇巩庄村助农服务点,37130041.0,600005167,2015/2/2 11:22,2015/2/2 11:22,中国银行,0,1732484.57,\N,南巩庄村,400,1800,正式运营
3442,安徽省六安市裕安区西河口乡龙门冲村,六安市西河口乡龙门冲村助农服务点,34150010.0,600005568,2015/2/7 14:31,2015/2/7 14:31,中国银行,2012,8680799.9,4314.512873,龙门冲村,2700,9000,正式运营
3495,河北省唐山市遵化市建明镇鸡鸣村二村,遵化市建明镇鸡鸣村二村,13020376.0,600001555,2015/2/14 22:02,2015/2/14 22:02,中国银行,2403,1110000.0,461.922597,鸡鸣二村,600,1500,正式运营
3528,河南省信阳市市辖区游河乡三官村,游河乡惠农支付服务点,41150050.0,600003730,2015/3/8 23:22,2015/3/8 23:22,中国银行,2721,156073239.1,57358.77954,三官村,1000,5000,正式运营
3538,河北省沧州市青县曹寺乡西马桥村,青县曹寺镇西马桥村,13090386.0,600001867,2015/3/9 0:00,2015/3/9 0:00,中国银行,2571,2280000.0,886.814469,青县曹寺镇西马桥村,410,2000,正式运营
3541,河北省沧州市青县金牛镇苗庄子村,青县金牛镇苗庄子,13090390.0,600001871,2015/3/9 16:04,2015/3/9 16:04,中国银行,2212,410000.0,185.352622,青县金牛镇苗庄子,400,2000,正式运营
3575,河北省唐山市滦县九百户镇宜安村,滦县九百户金岭,13020381.0,600006975,2015/3/9 21:06,2015/3/9 21:06,中国银行,2360,6850000.0,2902.542373,宜安村,800,1900,正式运营
3596,山东省青岛市平度市店子镇高家寨村,青岛市平度市店子镇高家寨村助农服务点,37020172.0,600004197,2015/3/15 0:00,2015/3/10 13:33,中国银行,0,7150303.87,\N,高家寨,430,1420,正式运营
3642,河北省唐山市遵化市西三里乡张各庄村,遵化市西三里乡张各庄村,13020425.0,600001571,2015/3/14 10:40,2015/3/14 10:40,中国银行,3599,20570000.0,5715.476521,张各庄村,500,1500,正式运营
3643,河北省唐山市遵化市遵化镇大草店村,遵化市城关镇大草店村,13020426.0,600001572,2015/3/14 10:43,2015/3/14 10:43,中国银行,3249,10780000.0,3317.943983,大草店,500,1200,正式运营
3647,河北省唐山市迁安市野鸡坨镇大山东庄村,迁安市野鸡坨镇大山东庄村,13020430.0,600001574,2015/3/14 11:20,2015/3/14 11:20,中国银行,2319,4920000.0,2121.60414,大山东庄村,600,1200,正式运营
3659,河北省唐山市丰润区王官营镇王官营村,丰润区王官营镇王官营村,13020439.0,600006989,2015/3/14 17:01,2015/3/14 17:01,中国银行,3528,840000.0,238.095238,王官营村,1000,4000,正式运营
3680,河北省唐山市丰润区姜家营乡郭庄子村,丰润区姜家营乡郭庄子村,13020443.0,600006991,2015/3/23 22:27,2015/3/23 22:27,中国银行,2097,26240000.0,12513.11397,郭庄子村,390,1400,正式运营
3689,山东省青岛市平度市张舍镇刘戈庄村,青岛市平度市田庄镇刘戈庄村助农服务点,37020173.0,600004120,2015/4/2 10:26,2015/4/2 10:26,中国银行,0,2522473.97,\N,刘戈庄村,300,960,正式运营
3700,山东省烟台市海阳市东村街道五间屋村,烟台市海阳市东村街道五间屋村助农服务点（杨）,37060357.0,600004536,2015/4/10 10:02,2015/4/10 10:02,中国银行,0,3880296.03,\N,五间屋（杨）,500,1500,正式运营
3713,山东省威海市荣成市斥山街道办事处西泊子村,威海市荣成县斥山镇西泊子村助农服务点,37100121.0,600002595,2015/4/11 20:32,2015/4/11 20:32,中国银行,1,11014914.35,11014914.35,西泊子村,350,817,正式运营
3732,山东省聊城市临清市刘垓子镇九圣庙村,聊城临清县刘垓子镇九圣庙助农服务点,37150079.0,600003194,2015/5/13 21:57,2015/5/13 21:57,中国银行,0,1691726.74,\N,九圣庙,200,800,正式运营
3733,山东省青岛市平度市店子镇东南隋村,青岛市平度市店子镇东南随村助农服务点,37020174.0,600004198,2015/5/15 10:16,2015/5/15 10:16,中国银行,0,412508.47,\N,东南随村,220,660,正式运营
3734,山东省青岛市即墨市移风店镇付家村,青岛即墨移风镇傅家村服务点,37020176.0,600004200,2015/5/26 0:00,2015/5/18 11:00,中国银行,0,1807700.0,\N,傅家村,500,1600,正式运营
3771,山东省聊城市临清市刘垓子镇姜油坊村,聊城临清市姜油坊助农服务点,37150080.0,600003195,2015/6/8 11:53,2015/6/8 11:53,中国银行,1,3426900.49,3426900.49,姜油坊,600,2000,正式运营
3780,河北省沧州市东光县大单镇刘大瓮村,东光县大单镇刘大瓮村,13090482.0,600001315,2015/6/29 9:22,2015/6/29 9:22,中国银行,2328,23350000.0,10030.06873,刘大翁村,695,2780,正式运营
3789,河北省唐山市丰润区左家坞镇北夏庄村,丰润区左家坞镇北夏庄村,13020452.0,600006994,2015/7/8 0:00,2015/7/8 0:00,中国银行,2079,330000.0,158.730159,北夏庄村,500,1500,正式运营
3802,河北省唐山市丰润区火石营镇东高庄村,丰润区杨官林镇豆各庄村,13020454.0,600006995,2015/7/17 0:00,2015/7/17 0:00,中国银行,2255,1370000.0,607.538803,豆各庄,2500,6000,正式运营
3808,河北省唐山市丰润区火石营镇火北村,丰润区火石营镇火北村,13020459.0,600006998,2015/7/28 20:24,2015/7/28 20:24,中国银行,4454,2710000.0,608.44185,火北村,350,1000,正式运营
3810,山东省威海市文登市葛家镇西旺疃村,西旺疃村,37100127.0,600002601,2015/7/30 19:26,2015/7/30 19:26,中国银行,1,235308.93,235308.93,西旺疃村,300,1000,正式运营
3823,山东省青岛市平度市南村镇崖头村,青岛平度市南村镇崖头村助农服务点,37020180.0,600004202,2015/8/7 22:40,2015/8/7 22:40,中国银行,0,6677863.87,\N,崖头村,739,2500,正式运营
3832,山东省烟台市海阳市方圆街道西石兰沟村,烟台市海阳市方圆街道办事处西石兰村助农服务点,37060383.0,600006707,2015/8/9 10:32,2015/8/9 10:32,中国银行,1,1405818.65,1405818.65,西石兰村,500,1500,正式运营
3844,河南省商丘市梁园区平原街道李庄村,商丘市李庄乡惠农支付服务点,41140659.0,600002703,2014/12/10 0:00,2015/8/11 14:54,中国银行,2292,7241640.49,3159.52901,李庄村,600,1800,正式运营
3848,山东省青岛市黄岛区柳花泊街道办事处西阿陀社区居,青岛市黄岛区灵珠山街道办事处西阿陀村,37020182.0,600006841,2015/8/13 10:39,2015/8/13 10:39,中国银行,0,1331140.0,\N,西阿陀村,200,610,正式运营
3886,河北省石家庄市栾城县西营乡南安乐村,栾城区西营镇南安乐村,13010472.0,600001151,2015/8/19 19:55,2015/8/19 19:55,张家口银行,10,80000.0,8000,南安乐村,200,1000,正式运营
3889,河北省石家庄市栾城县窦妪镇赵庄村,栾城区窦妪镇赵庄村,13010475.0,600001154,2015/8/19 20:00,2015/8/19 20:00,张家口银行,1,12.48,12.48,赵庄村,700,3000,正式运营
3891,河北省石家庄市裕华区方村镇西荆壁村,栾城区西京北村,13010482.0,600001161,2015/8/19 20:35,2015/8/19 20:35,张家口银行,9,43500.0,4833.333333,西京北村,1600,3700,正式运营
3897,河北省石家庄市新乐市邯邰镇坚固村,新乐市邯邰镇坚固村,13010491.0,600001170,2015/8/20 8:22,2015/8/20 8:22,张家口银行,2,69000.0,34500,坚固村・,1400,8000,正式运营
3904,河北省石家庄市晋州市桃园镇纪庄村,晋州市桃园镇纪庄村,13010506.0,600001185,2015/8/20 9:39,2015/8/20 9:39,张家口银行,9,42500.0,4722.222222,纪庄村,1200,4500,正式运营
3908,河北省石家庄市新乐市彭家庄乡小宅村,新乐市彭家庄乡小宅村,13010515.0,600001194,2015/8/20 10:11,2015/8/20 10:11,张家口银行,3,9000.0,3000,小宅村,700,3000,正式运营
3926,山东省青岛市平度市长乐镇季家疃村,青岛市平度市大泽山镇季家疃村助农服务点,37020189.0,600007056,2015/8/25 23:50,2015/8/25 23:50,中国银行,0,1615301.29,\N,季家疃村,200,700,正式运营
3932,河北省石家庄市无极县七汲镇杨村,无极县七汲镇杨村,13010550.0,600001208,2015/8/26 23:10,2015/8/26 23:10,张家口银行,5,210000.0,42000,杨村,750,3000,正式运营
3934,河北省石家庄市鹿泉市李村镇同阁村,鹿泉区李村镇同阁村,13010559.0,600001210,2015/8/28 8:07,2015/8/28 8:07,张家口银行,4,122800.0,30700,同阁村,500,2000,正式运营
3937,河北省石家庄市鹿泉市上庄镇台头村,鹿泉区上庄镇台头村,13010565.0,600001214,2015/8/28 8:28,2015/8/28 8:28,张家口银行,6,10548.95,1758.158333,台头村,1500,6500,正式运营
3938,河北省石家庄市鹿泉市上庄镇大车行村,鹿泉区上庄镇大车行村,13010566.0,600001215,2015/8/28 8:32,2015/8/28 8:32,张家口银行,1,1.17,1.17,大车行村,1300,6000,正式运营
3940,山东省青岛市平度市灰埠镇城子西村,城子西村,37020192.0,600007058,2015/8/29 8:35,2015/8/29 8:35,中国银行,0,741966.52,\N,城子西村,240,760,正式运营
3944,河北省石家庄市平山县平山镇北西焦村,平山县平山镇北西焦村,13010573.0,600001221,2015/9/1 9:40,2015/9/1 9:40,张家口银行,0,0.0,\N,北西焦村,400,1000,正式运营
3945,河北省石家庄市平山县平山镇烟堡村,平山县平山镇烟堡村,13010574.0,600001222,2015/9/1 9:44,2015/9/1 9:44,张家口银行,0,0.0,\N,烟堡村,1000,5000,正式运营
3955,河北省唐山市丰润区丰润镇张良各庄村,唐山市丰润区卓越建材经销处,13020463.0,600007000,2015/9/3 22:51,2015/9/3 22:51,中国银行,2587,11550000.0,4464.630847,张良各庄,1000,3000,正式运营
3956,河北省石家庄市赵县赵州镇北白尚村,赵县赵州镇北白尚村,13010592.0,600002426,2015/9/4 10:05,2015/9/4 10:05,平安银行,8,300.22,37.5275,北白尚,800,3300,正式运营
3963,河北省石家庄市平山县上三汲乡北七汲村,平山县三汲镇北七汲村,13010601.0,600001228,2015/9/7 14:37,2015/9/7 14:37,张家口银行,0,0.0,\N,北七汲村,450,1400,正式运营
3965,河北省石家庄市平山县两河乡胡村,平山县两河镇胡村,13010603.0,600001230,2015/9/7 14:47,2015/9/7 14:47,张家口银行,1,0.0,0,胡村,800,3000,正式运营
3975,河北省石家庄市平山县中古月镇甘秋村,平山县古月镇甘秋村,13010621.0,600001236,2015/9/10 9:18,2015/9/10 9:18,张家口银行,0,0.0,\N,甘秋村,250,1001,正式运营
3985,山东省烟台市莱州市平里店镇吕村,烟台市莱州市平里店镇吕村助农服务点,37060397.0,600006720,2015/9/10 15:17,2015/9/10 15:17,中国银行,1,15788.07,15788.07,吕村,380,1300,正式运营
3987,山东省威海市荣成市斥山街道办事处志门村,"威海市荣成县斥山镇志门村助农服务点
",37100133.0,600002607,2015/9/10 17:44,2015/9/10 17:44,中国银行,0,3046976.5,\N,志门村,260,600,正式运营
3989,山东省威海市文登市葛家镇岔河村,"威海市文登区葛家镇岔河村助农服务点
",37100134.0,600002608,2015/9/10 19:57,2015/9/10 19:57,中国银行,3,166267.53,55422.51,岔河村,200,600,正式运营
4036,山东省威海市荣成市斥山街道办事处东泊子村,威海市荣成县斥山镇东泊子助农服务点,37100139.0,600002613,2015/9/18 14:26,2015/9/18 14:26,中国银行,1,3892071.76,3892071.76,东泊子,360,800,正式运营
4037,山东省威海市荣成市人和镇邢家村,邢家村,37100140.0,600002614,2015/9/18 14:32,2015/9/18 14:32,中国银行,3,900574.69,300191.5633,邢家村,200,500,正式运营
4040,山东省滨州市沾化县下洼镇曹家庙村民委员,曹家庙,37160158.0,600006133,2015/9/18 20:46,2015/9/18 20:46,中国银行,1,28035.28,28035.28,曹家庙,300,1500,正式运营
4062,河北省石家庄市鹿泉市铜冶镇南甘子村,鹿泉区铜冶镇南甘子村,13010733.0,600001273,2015/9/24 9:34,2015/9/24 9:34,张家口银行,1,122.27,122.27,南甘子村,1000,4000,正式运营
4063,山东省滨州市沾化县下洼镇哈喇村,哈喇村,37160161.0,600006136,2015/9/24 13:34,2015/9/24 13:34,中国银行,1,100826.0,100826,哈喇村,400,2000,正式运营
4064,河北省石家庄市深泽县桥头乡东小封村,深泽县桥头镇东小封村,13010743.0,600001275,2015/9/25 14:12,2015/9/25 14:12,张家口银行,3,38000.0,12666.66667,东小封村,500,2000,正式运营
4078,河北省石家庄市行唐县安香乡南伏流村,行唐县安香镇南伏流村,13010776.0,600002150,2015/9/28 15:01,2015/9/28 15:01,平安银行,7,107.09,15.298571,南伏流村,700,2700,正式运营
4081,河北省石家庄市平山县平山镇杨西冶村,平山县平山镇杨西冶村,13010781.0,600001288,2015/9/29 12:34,2015/9/29 12:34,张家口银行,5,0.0,0,杨西冶村,450,2000,正式运营
4098,河北省石家庄市鹿泉市上庄镇,石家庄市鹿泉县上庄镇南庄村,13010815.0,600006783,2015/10/10 13:49,2015/10/10 13:49,张家口银行,4,1851.49,462.8725,南庄村,700,2800,正式运营
4100,山东省烟台市招远市,石对头村网点,37060411.0,600006729,2015/10/10 22:49,2015/10/10 22:49,中国银行,0,0.0,\N,石对头村,1156,3160,正式运营
4112,河北省石家庄市栾城县楼底镇东许营村,栾城县楼底镇东许营村,13010835.0,600008209,2015/10/13 9:26,2015/10/13 9:26,张家口银行,10,141500.0,14150,东许营村,1000,5000,正式运营
4113,河北省石家庄市栾城县郄马镇东羊市村,栾城县郄马镇东羊市村,13010837.0,600008211,2015/10/13 9:33,2015/10/13 9:33,张家口银行,7,68000.0,9714.285714,东羊市村,700,3000,正式运营
4126,河北省石家庄市无极县,无极县北苏镇北苏村（张家口）,13010879.0,600008259,2015/10/14 17:10,2015/10/14 17:10,张家口银行,2,7000.0,3500,北苏村（张家口）,1700,7000,正式运营
4136,河北省石家庄市辛集市南智丘镇褚家庄村,辛集县南智邱镇褚家庄村,13010887.0,600008301,2015/10/15 10:18,2015/10/15 10:18,平安银行,1,290.27,290.27,褚家庄村,500,2000,正式运营
4138,河北省石家庄市行唐县九口子乡范家庄村,行唐县上方镇范家佐村,13010902.0,600008323,2015/10/16 11:56,2015/10/16 11:56,平安银行,1,0.0,0,范家庄村,750,3000,正式运营
4140,河北省石家庄市辛集市和睦井乡北周家庄村,辛集市和睦井镇北周家庄村,13010906.0,600008327,2015/10/16 14:59,2015/10/16 14:59,平安银行,1,100.09,100.09,北周家庄村,500,2000,正式运营
4240,河北省石家庄市辛集市旧城镇石家庄村,辛集市旧城镇石家庄村,1.3e+12,1000000085,2015/10/28 0:00,2015/10/28 0:00,平安银行,1,100.09,100.09,石家庄村,512,2100,正式运营
4347,河北省石家庄市辛集市新垒头镇扒营村,辛集市新垒头镇扒营村,13011036.0,600008838,2015/10/30 16:02,2015/10/30 16:02,张家口银行,9,91800.0,10200,扒营村,320,1000,正式运营
4354,河北省沧州市青县新兴镇大孝子墓村,青县新兴镇大孝子墓村,1.31e+12,1000000578,2015/10/31 10:40,2016/2/1 0:00,中国银行,2571,400000.0,155.581486,大孝子墓村,500,2100,正式运营
4355,河北省沧州市青县清州镇,青县清州司马庄村,1.31e+12,1000000592,2015/10/31 10:51,2016/1/27 0:00,中国银行,2355,1260000.0,535.031847,司马庄,500,2000,正式运营
4369,河北省石家庄市新乐市化皮镇西岳村,新乐市化皮镇西岳村助农,1.3e+12,1000003097,2015/11/3 13:51,2016/5/13 0:00,张家口银行,5,50141.75,10028.35,西岳村,200,2000,正式运营
4370,山东省威海市荣成市斥山街道办事处尹格庄村,"威海市荣成县斥山镇尹格村助农服务点(2)
",3.71e+12,1000003249,2015/11/3 16:04,2015/11/12 0:00,中国银行,0,1553285.41,\N,尹格庄村,1200,3000,正式运营
4386,山东省威海市乳山市午极镇宋庄村,"威海市乳山县午极镇宋家庄村助农服务点

",3.71e+12,1000004827,2015/11/4 0:00,2015/12/30 0:00,中国银行,1,3075718.2,3075718.2,宋庄村,150,500,正式运营
4387,山东省威海市文登市文登营镇黄家岭村,"威海市文登县文登营镇黄家岭村助农服务点
",3.71e+12,1000005099,2015/11/5 10:05,2015/11/5 0:00,中国银行,1,20028.0,20028,黄家岭村,200,600,正式运营
4389,河北省唐山市丰润区新军屯镇里堡寨村,丰润区新军屯镇里堡寨,1.3e+12,1000005425,2015/11/5 14:11,2016/1/25 0:00,中国银行,0,10000.0,\N,里堡寨村,400,1750,正式运营
4392,山东省威海市荣成市桃园街道办事处原家村,荣成市桃园街道河东原家村,3.71e+12,1000006116,2015/11/5 19:51,2015/11/12 0:00,中国银行,0,41746.85,\N,河东原家村,260,600,正式运营
4404,山东省威海市荣成市人和镇码头村,荣成市人和镇码头村,3.71e+12,1000007456,2015/11/4 0:00,2016/3/13 0:00,中国银行,0,735000.0,\N,码头村,280,700,正式运营
4406,山东省威海市荣成市桃园街道办事处河东村,威海市荣成县桃园镇河东村,3.71e+12,1000007506,2015/11/3 0:00,2015/6/3 0:00,中国银行,0,228021.45,\N,河东村,80,200,正式运营
4409,山东省威海市荣成市斥山街道办事处尹格庄村,"威海市荣成县斥山镇尹格村助农服务点(1)
",3.71e+12,1000007744,2015/11/6 0:00,2015/11/6 0:00,中国银行,0,1058713.59,\N,尹格庄村,1200,3000,正式运营
4413,山东省威海市文登市苘山镇西马格村,文登市苘山镇西马格村,3.71e+12,1000008716,2015/11/4 0:00,2015/11/4 0:00,中国银行,2,740327.34,370163.67,西马格村,150,400,正式运营
4414,山东省威海市文登市苘山镇大草场村,文登市苘山镇大草场村,3.71e+12,1000008720,2015/11/4 0:00,2015/11/4 0:00,中国银行,1,181061.7,181061.7,大草场村,100,300,正式运营
4422,山东省威海市环翠区桥头镇孟家庄村,"威海市经区桥头镇孟家庄村助农服务点
",3.71e+12,1000009752,2015/11/7 0:00,2015/11/7 0:00,中国银行,1,308328.75,308328.75,孟家庄村,600,1800,正式运营
4425,山东省威海市荣成市王连街道办事处马岭许家村,威海市荣成市王连街道马岭许家村,3.71e+12,1000010586,2015/11/7 0:00,2016/1/14 0:00,中国银行,3,466182.39,155394.13,马岭许家村,400,1000,正式运营
4431,河北省石家庄市赵县王西章乡侯召村,赵县王西章乡侯召村,1.3e+12,1000011296,2015/11/8 0:00,2015/11/8 0:00,平安银行,5,16.39,3.278,侯召村,200,1800,正式运营
4432,河北省石家庄市无极县东侯坊乡北马村,无极县东侯坊乡北马村,1.3e+12,1000011972,2015/11/8 0:00,2016/6/1 0:00,张家口银行,1,19000.0,19000,北马村,550,2200,正式运营
4434,山东省威海市荣成市斥山街道办事处东泊子村,荣成市斥山街道东泊子村,3.71e+12,1000012550,2015/11/8 0:00,2016/1/14 0:00,中国银行,0,2206712.02,\N,东泊子村,800,1500,正式运营
4448,河北省石家庄市鹿泉市上寨乡南寨村,鹿泉市上寨乡南寨村,1.3e+12,1000014600,2015/11/11 0:00,2015/11/11 0:00,张家口银行,4,127800.0,31950,南寨村,520,2400,正式运营
4450,山东省威海市荣成市王连街道办事处马岭董家村,王连街道马岭董家村,3.71e+12,1000014642,2015/11/11 0:00,2016/4/1 0:00,中国银行,0,448734.83,\N,马岭董家村,400,900,正式运营
4459,山东省威海市文登市文登营镇,"威海市文登区文登营镇漩夼村助农服务点
",3.71e+12,1000015108,2015/11/9 0:00,2015/11/9 0:00,中国银行,1,176200.12,176200.12,漩夼村,200,600,正式运营
4476,河北省石家庄市栾城县西营乡赵家庄村,栾城县西营乡赵家庄村张家口银行,1.3e+12,1000018825,2015/11/17 0:00,2015/11/17 0:00,张家口银行,1,411.28,411.28,赵家庄村,500,2000,正式运营
4477,山东省烟台市莱山区解甲庄镇新天堡村,莱山区马山街道新添堡,3.71e+12,1000018961,2015/11/17 0:00,2016/2/18 0:00,中国银行,0,1872970.64,\N,新天堡村,500,1400,正式运营
4478,河北省石家庄市栾城县窦妪镇窦妪村,栾城县窦妪镇窦妪村,1.3e+12,1000018999,2015/11/17 0:00,2015/11/17 0:00,张家口银行,5,7507.57,1501.514,窦妪村,1500,7000,正式运营
4481,河北省沧州市青县陈嘴乡吴辛庄村,青县陈嘴乡吴辛庄村,1.31e+12,1000019513,2015/11/18 0:00,2016/1/29 0:00,中国银行,4404,630000.0,143.051771,吴辛庄村,400,1000,正式运营
4494,山东省威海市荣成市王连街道办事处寨前王家村,荣成市王连街道办事处寨前王家村,3.71e+12,1000020865,2015/11/19 0:00,2015/11/19 0:00,中国银行,0,100000.0,\N,寨前王家村,110,300,正式运营
4496,山东省威海市荣成市王连街道办事处店子村,荣成市王连街道办事处店子村,3.71e+12,1000020873,2015/11/19 0:00,2015/11/19 0:00,中国银行,0,1055000.0,\N,店子村,250,730,正式运营
4497,山东省威海市荣成市王连街道办事处寨前于家村,荣成市王连街道办事处寨前于家村,3.71e+12,1000020877,2015/11/19 0:00,2015/11/19 0:00,中国银行,0,207771.0,\N,寨前于家村,140,400,正式运营
4499,山东省威海市荣成市王连街道办事处寨前赛家村,荣成市王连街道办事处寨前赛家村,3.71e+12,1000020885,2015/11/19 0:00,2015/11/19 0:00,中国银行,0,126000.0,\N,寨前赛家村,200,410,正式运营
4500,山东省威海市荣成市王连街道办事处上夼村,荣成市王连街道办事处上夼村,3.71e+12,1000020887,2015/11/19 0:00,2015/11/19 0:00,中国银行,0,108900.0,\N,上夼村,120,320,正式运营
4501,山东省威海市荣成市王连街道办事处常家庄村,荣成市王连街道办事处常家庄村,3.71e+12,1000020889,2015/11/19 0:00,2015/11/19 0:00,中国银行,0,383021.45,\N,常家庄村,240,650,正式运营
4503,山东省威海市荣成市王连街道办事处,荣成市王连街道办事处寨前峨石村-姜秀卿,3.71e+12,1000020897,2015/11/19 0:00,2015/11/19 0:00,中国银行,0,83000.0,\N,寨前峨石村-姜秀卿,180,400,正式运营
4516,山东省威海市文登市苘山镇山马程村,文登市苘山镇山马程村助农服务点,3.71e+12,1000024470,2015/11/23 0:00,2015/11/23 0:00,中国银行,0,198047.81,\N,山马程村,300,800,正式运营
4525,山东省威海市文登市宋村镇大床村,"文登市宋村镇大床村助农服务点
",3.71e+12,1000025774,2015/11/24 0:00,2015/12/11 0:00,中国银行,1,936765.41,936765.41,大床村,300,800,正式运营
4526,山东省威海市文登市泽头镇西程格村,"文登市泽头镇西程格村服务点
",3.71e+12,1000025788,2015/11/24 0:00,2015/11/24 0:00,中国银行,1,1655989.14,1655989.14,西程格村,300,560,正式运营
4527,山东省烟台市莱州市驿道镇玉兰埠村,莱州市驿道镇玉兰埠村,3.71e+12,1000025790,2015/11/23 0:00,2015/9/12 0:00,中国银行,0,1360000.0,\N,玉兰埠村,320,1000,正式运营
4530,山东省威海市乳山市育黎镇塔庄村,乳山市育黎镇塔庄村,3.71e+12,1000025868,2015/11/24 0:00,2015/12/30 0:00,中国银行,5,635634.38,127126.876,塔庄村,600,2000,正式运营
4532,河北省沧州市青县马厂镇何老营村,青县马厂镇何老营村,1.31e+12,1000026004,2015/11/25 0:00,2016/1/27 0:00,中国银行,3542,1160000.0,327.498588,何老营村,200,700,正式运营
4539,河北省石家庄市无极县张段固镇耿家庄村,无极县张段固镇耿家庄村,1.3e+12,1000027091,2015/11/17 0:00,2016/3/1 0:00,张家口银行,1,11.96,11.96,耿家庄村,1000,3100,正式运营
4540,河北省石家庄市元氏县因村镇南吴会村,元氏县因村镇南吴会村电商,1.3e+12,1000027331,2015/11/26 0:00,2016/3/28 0:00,平安银行,1,0.0,0,南吴会村,500,2000,正式运营
4549,河北省石家庄市正定县北早现乡南早现村,正定县北早现乡南早现村张家口银行,1.3e+12,1000029027,2015/11/27 0:00,2015/11/27 0:00,张家口银行,2,826.05,413.025,南早现村,700,3000,正式运营
4551,山东省威海市文登市宋村镇上徐村,"威海市文登县宋村镇上徐村助农服务点
",3.71e+12,1000029059,2015/11/24 0:00,2015/11/5 0:00,中国银行,1,4574707.37,4574707.37,上徐村,300,1000,正式运营
4552,山东省威海市乳山市白沙滩镇大单家村,乳山市白沙滩镇大单家村,3.71e+12,1000029083,2015/11/27 0:00,2015/12/20 0:00,中国银行,4,1035633.88,258908.47,大单家村,300,1047,正式运营
4556,山东省烟台市栖霞市桃村镇营盘村,栖霞市桃村镇营盘村,3.71e+12,1000029345,2015/11/27 0:00,2015/7/3 0:00,中国银行,0,31561.0,\N,营盘村,420,1100,正式运营
4566,河北省石家庄市平山县上三汲乡北七汲村,平山县上三汲乡北七汲村平安,1.3e+12,1000032146,2015/11/29 0:00,2016/4/5 0:00,平安银行,1,0.0,0,北七汲村,230,1300,正式运营
4567,山东省聊城市冠县冠城镇东三里庄村,冠县冠城镇东三里庄村,3.72e+12,1000032424,2015/11/30 0:00,2015/12/3 0:00,中国银行,3,540367.26,180122.42,东三里庄村,500,1470,正式运营
4568,山东省聊城市冠县冠城镇元庄村,聊城冠县清泉街道办事处元庄村助农点,3.72e+12,1000032604,2015/11/30 0:00,2016/1/24 0:00,中国银行,6,69344.88,11557.48,元庄村,410,900,正式运营
4570,山东省聊城市冠县冠城镇寨里村,聊城冠县清泉街道办事处寨里村助农点,3.72e+12,1000033002,2015/11/30 0:00,2016/1/24 0:00,中国银行,3,35018.34,11672.78,寨里村,700,2000,正式运营
4584,河北省唐山市丰润区丰润镇小八里村,丰润区丰润镇小八里村,1.3e+12,1000034374,2015/11/30 0:00,2015/11/30 0:00,中国银行,3138,13800000.0,4397.705545,小八里村,400,1700,正式运营
4612,山东省烟台市招远市金岭镇掉钟头村,招远市金岭镇掉钟头村,3.71e+12,1000035679,2015/12/17 0:00,2015/12/17 0:00,中国银行,0,582138.52,\N,掉钟头村,540,1600,正式运营
4620,山东省烟台市龙口市北马镇呼栾村,龙口市北马镇呼栾村,3.71e+12,1000035733,2015/12/18 0:00,2015/12/18 0:00,中国银行,0,20000.0,\N,呼栾村,208,568,正式运营
4632,山东省烟台市海阳市留格庄镇张家庄村,海阳市留格庄镇张家庄村,3.71e+12,1000035820,2015/12/19 0:00,2015/12/25 0:00,中国银行,3,4908805.89,1636268.63,张家庄村,540,1580,正式运营
4634,山东省烟台市海阳市发城镇姜家涝泊村,海阳市发城镇姜家涝泊村,3.71e+12,1000035824,2015/12/19 0:00,2016/1/23 0:00,中国银行,1,428000.0,428000,姜家涝泊村,300,900,正式运营
4635,山东省烟台市海阳市盘石店镇马格庄村,海阳市盘石店镇马格庄村,3.71e+12,1000035828,2015/12/19 0:00,2015/12/25 0:00,中国银行,1,1565552.24,1565552.24,马格庄村,686,1760,正式运营
4636,山东省烟台市海阳市东村街道大磊石村,海阳市东村街道大磊石村,3.71e+12,1000035830,2015/12/19 0:00,2016/1/23 0:00,中国银行,7,1242006.31,177429.4729,大磊石村,528,1360,正式运营
4637,山东省烟台市海阳市二十里店镇纪疃村,海阳市二十里店镇纪疃村,3.71e+12,1000035832,2015/12/19 0:00,2015/12/19 0:00,中国银行,1,789862.22,789862.22,纪疃村,400,1200,正式运营
4638,山东省烟台市海阳市外向型工业加工区中村,海阳市外向型工业加工区中村,3.71e+12,1000035834,2015/12/19 0:00,2015/12/19 0:00,中国银行,2,7700541.33,3850270.665,中村,780,1700,正式运营
4644,山东省烟台市招远市玲珑镇欧家夼村,招远市玲珑镇欧家夼村,3.71e+12,1000035908,2015/12/22 0:00,2015/12/22 0:00,中国银行,0,2038200.7,\N,欧家夼村,300,1200,正式运营
4647,山东省烟台市海阳市方圆街道车村,海阳市方圆街道车村,3.71e+12,1000035936,2015/12/23 0:00,2016/1/27 0:00,中国银行,3,2389059.12,796353.04,车村,400,1200,正式运营
4661,山东省威海市文登市葛家镇北长岚村,文登市葛家镇北长岚村,3.71e+12,1000036128,2015/12/26 0:00,2016/1/10 0:00,中国银行,0,2851142.49,\N,北长岚村,400,1200,正式运营
4669,山东省烟台市招远市梦芝街道梦芝村,招远市梦芝街道梦芝村,3.71e+12,1000036270,2015/12/24 0:00,2016/1/5 0:00,中国银行,2,30297905.39,15148952.7,梦芝村,400,1100,正式运营
4670,山东省烟台市莱山区莱山镇,莱山区莱山镇杜家村,3.71e+12,1000036274,2015/12/25 0:00,2016/1/18 0:00,中国银行,4,4051070.56,1012767.64,杜家村,500,1200,正式运营
4682,山东省烟台市福山区回里镇胡家夼村,福山区回里镇胡家夼村,3.71e+12,1000036336,2015/12/29 0:00,2015/12/29 0:00,中国银行,3,1065528.71,355176.2367,胡家夼村,550,1700,正式运营
4690,山东省威海市荣成市斥山街道办事处沟李家村,荣成市斥山街道办事处沟李家村,3.71e+12,1000036444,2015/12/31 0:00,2016/4/12 0:00,中国银行,0,779507.95,\N,沟李家村,250,600,正式运营
4691,山东省威海市荣成市东山街道办事处,荣成市东山街道办事处东窑村-张海宁,3.71e+12,1000036446,2015/12/31 0:00,2016/2/27 0:00,中国银行,0,2139214.9,\N,东窑村-张海宁,200,500,正式运营
4755,贵州省贵阳市观山湖区金麦社区,观山湖区金麦社区绿洲弯,5.2e+12,1000037478,2015/6/1 0:00,2015/6/1 0:00,贵阳银行,6,2203.96,367.326667,牛场乡,400,1200,正式运营
4834,贵州省毕节地区毕节市层台镇层台村,毕节层台村,5.22e+12,1000038023,2015/7/15 0:00,2015/7/15 0:00,贵阳银行,1,0.0,0,层台村,\N,\N,正式运营
4852,贵州省贵阳市开阳县南龙乡翁朵村,开阳南龙翁朵村,5.2e+12,1000038059,2015/7/27 0:00,2015/7/27 0:00,贵阳银行,1,0.0,0,翁朵村,\N,\N,正式运营
4879,贵州省毕节地区织金县以那镇松林村,毕节以那松林村,5.22e+12,1000038121,2015/7/30 0:00,2015/7/30 0:00,贵阳银行,1,0.0,0,松林村,\N,\N,正式运营
4881,贵州省贵阳市观山湖区金华镇,观山湖下铺村,5.2e+12,1000038125,2015/6/10 0:00,2015/6/10 0:00,贵阳银行,3,0.0,0,下铺村,\N,\N,正式运营
4886,贵州省贵阳市乌当区下坝乡,乌当下坝乡,5.2e+12,1000038135,2015/7/27 0:00,2015/7/27 0:00,贵阳银行,1,0.0,0,下坝乡,\N,\N,正式运营
4907,贵州省贵阳市白云区麦架镇,白云曹关村,5.2e+12,1000038177,2015/4/3 0:00,2015/4/3 0:00,贵阳银行,1,0.0,0,曹关村,\N,\N,正式运营
4917,贵州省贵阳市白云区牛场布依族乡,白云蓬莱仙界,5.2e+12,1000038197,2015/9/8 0:00,2015/9/8 0:00,贵阳银行,1,2.75,2.75,蓬莱仙界,\N,\N,正式运营
4936,山东省德州市平原县恩城镇北站村,平原县恩城镇北站村,3.71e+12,1000038254,2015/11/24 0:00,2016/1/31 0:00,中国银行,0,186000.0,\N,北站村,350,1100,正式运营
5345,河北省石家庄市栾城县楼底镇西羊市村,栾城县楼底镇西羊市村,1.3e+12,1000040035,2015/10/23 0:00,2015/10/23 0:00,张家口银行,6,90000.0,15000,西羊市村,800,3000,正式运营
6059,贵州省贵阳市清镇市百花湖乡谷腊村,清镇市百花湖乡谷腊村,5.2e+12,1000043296,2015/3/15 0:00,2015/3/15 0:00,贵阳银行,2,4007.44,2003.72,谷腊村,360,1280,正式运营
